"","median_RT","perc_accuracy","verbal_span_mean","mean_blocks","medium_mult_RT","perc_accuracy_mult"
"median_RT",1,-0.0853852130408719,-0.188631876853711,-0.302226513855359,0.481050519725984,-0.181234256047488
"perc_accuracy",-0.0853852130408719,1,-0.082720070318306,-0.0287580378027146,0.113589461051529,0.105736165355901
"verbal_span_mean",-0.188631876853711,-0.082720070318306,1,0.244449779243213,-0.296687678907355,0.221525438125525
"mean_blocks",-0.302226513855359,-0.0287580378027146,0.244449779243213,1,-0.281895138395543,0.144525613666148
"medium_mult_RT",0.481050519725984,0.113589461051529,-0.296687678907355,-0.281895138395543,1,-0.293999666175819
"perc_accuracy_mult",-0.181234256047488,0.105736165355901,0.221525438125525,0.144525613666148,-0.293999666175819,1
