"","median_RT","perc_accuracy","verbal_span_mean","mean_blocks","medium_mult_RT","perc_accuracy_mult"
"median_RT",NA,0.196969748392965,0.00409206722905542,3.03931323575313e-06,1.02140518265514e-14,0.00584340113804194
"perc_accuracy",0.196969748392965,NA,0.211365332933871,0.664396840448251,0.085641493694482,0.109749991520037
"verbal_span_mean",0.00409206722905542,0.211365332933871,NA,0.000181095261481135,4.68358304628325e-06,0.000715864720204795
"mean_blocks",3.03931323575313e-06,0.664396840448251,0.000181095261481135,NA,1.42351524208273e-05,0.028421740624053
"medium_mult_RT",1.02140518265514e-14,0.085641493694482,4.68358304628325e-06,1.42351524208273e-05,NA,5.75873558372741e-06
"perc_accuracy_mult",0.00584340113804194,0.109749991520037,0.000715864720204795,0.028421740624053,5.75873558372741e-06,NA
